"rules","support","confidence","coverage","lift","count"
"{herbs} => {root vegetables}",0.00849575212393803,0.515151515151515,0.0164917541229385,4.90865800865801,17
"{herbs} => {other vegetables}",0.0079960019990005,0.484848484848485,0.0164917541229385,2.44378291733455,16
"{herbs} => {whole milk}",0.00749625187406297,0.454545454545455,0.0164917541229385,1.77993239637075,15
"{pasta} => {whole milk}",0.00699650174912544,0.466666666666667,0.0149925037481259,1.82739726027397,14
"{soft cheese} => {whole milk}",0.00699650174912544,0.482758620689655,0.0144927536231884,1.89041095890411,14
"{detergent} => {other vegetables}",0.00649675162418791,0.371428571428571,0.0174912543728136,1.87211227060094,13
"{detergent} => {whole milk}",0.0109945027486257,0.628571428571429,0.0174912543728136,2.46139222812413,22
"{semi-finished bread} => {other vegetables}",0.00649675162418791,0.333333333333333,0.0194902548725637,1.68010075566751,13
"{semi-finished bread} => {whole milk}",0.00699650174912544,0.358974358974359,0.0194902548725637,1.40569020021075,14
"{flour} => {whole milk}",0.00849575212393803,0.515151515151515,0.0164917541229385,2.01725671588685,17
"{baking powder} => {other vegetables}",0.00749625187406297,0.454545454545455,0.0164917541229385,2.29104648500114,15
"{baking powder} => {whole milk}",0.00849575212393803,0.515151515151515,0.0164917541229385,2.01725671588685,17
"{processed cheese} => {other vegetables}",0.00749625187406297,0.394736842105263,0.0189905047476262,1.98959300013257,15
"{processed cheese} => {whole milk}",0.00849575212393803,0.447368421052632,0.0189905047476262,1.75182820063858,17
"{canned fish} => {whole milk}",0.00649675162418791,0.393939393939394,0.0164917541229385,1.54260807685465,13
"{ice cream} => {whole milk}",0.00699650174912544,0.28,0.0249875062468766,1.09643835616438,14
"{misc. beverages} => {soda}",0.00899550224887556,0.36734693877551,0.024487756121939,2.2687074829932,18
"{misc. beverages} => {other vegetables}",0.00649675162418791,0.26530612244898,0.024487756121939,1.33722305042924,13
"{misc. beverages} => {whole milk}",0.00699650174912544,0.285714285714286,0.024487756121939,1.11881464914733,14
"{hard cheese} => {sausage}",0.00649675162418791,0.276595744680851,0.023488255872064,2.85292827374424,13
"{hard cheese} => {other vegetables}",0.00949525237381309,0.404255319148936,0.023488255872064,2.03756900155421,19
"{hard cheese} => {whole milk}",0.00999500249875063,0.425531914893617,0.023488255872064,1.66631969021943,20
"{cat food} => {yogurt}",0.00699650174912544,0.297872340425532,0.023488255872064,2.00014279594459,14
"{cat food} => {other vegetables}",0.00749625187406297,0.319148936170213,0.023488255872064,1.60860710649017,15
"{cat food} => {whole milk}",0.0104947526236882,0.446808510638298,0.023488255872064,1.7496356747304,21
"{specialty chocolate} => {other vegetables}",0.00899550224887556,0.260869565217391,0.0344827586206897,1.31486146095718,18
"{butter milk} => {yogurt}",0.00849575212393803,0.293103448275862,0.0289855072463768,1.96812080536913,17
"{butter milk} => {other vegetables}",0.0109945027486257,0.379310344827586,0.0289855072463768,1.91183879093199,22
"{butter milk} => {whole milk}",0.0114942528735632,0.396551724137931,0.0289855072463768,1.55283757338552,23
"{ham} => {yogurt}",0.00699650174912544,0.25,0.0279860069965017,1.67869127516779,14
"{ham} => {other vegetables}",0.0109945027486257,0.392857142857143,0.0279860069965017,1.98011874775099,22
"{ham} => {whole milk}",0.0104947526236882,0.375,0.0279860069965017,1.46844422700587,21
"{meat} => {soda}",0.00749625187406297,0.25,0.0299850074962519,1.54398148148148,15
"{meat} => {other vegetables}",0.0109945027486257,0.366666666666667,0.0299850074962519,1.84811083123426,22
"{meat} => {whole milk}",0.0114942528735632,0.383333333333333,0.0299850074962519,1.50107632093933,23
"{frozen meals} => {yogurt}",0.00999500249875063,0.294117647058824,0.0339830084957521,1.9749309119621,20
"{frozen meals} => {other vegetables}",0.00849575212393803,0.25,0.0339830084957521,1.26007556675063,17
"{frozen meals} => {whole milk}",0.0139930034982509,0.411764705882353,0.0339830084957521,1.61240934730056,28
"{candy} => {chocolate}",0.0079960019990005,0.253968253968254,0.0314842578710645,4.16549570647931,16
"{candy} => {soda}",0.00999500249875063,0.317460317460317,0.0314842578710645,1.96061140505585,20
"{candy} => {other vegetables}",0.00899550224887556,0.285714285714286,0.0314842578710645,1.44008636200072,18
"{hygiene articles} => {whole milk}",0.0124937531234383,0.409836065573771,0.0304847576211894,1.60485707869494,25
"{UHT-milk} => {bottled water}",0.00949525237381309,0.27536231884058,0.0344827586206897,2.57476635514019,19
"{UHT-milk} => {soda}",0.00949525237381309,0.27536231884058,0.0344827586206897,1.70061728395062,19
"{UHT-milk} => {yogurt}",0.00999500249875063,0.289855072463768,0.0344827586206897,1.94630872483221,20
"{UHT-milk} => {other vegetables}",0.0114942528735632,0.333333333333333,0.0344827586206897,1.68010075566751,23
"{grapes} => {other vegetables}",0.0124937531234383,0.384615384615385,0.0324837581209395,1.93857779500097,25
"{grapes} => {whole milk}",0.0109945027486257,0.338461538461538,0.0324837581209395,1.32536504591299,22
"{oil} => {root vegetables}",0.00899550224887556,0.290322580645161,0.0309845077461269,2.76635944700461,18
"{oil} => {other vegetables}",0.0139930034982509,0.451612903225806,0.0309845077461269,2.27626553993662,28
"{oil} => {whole milk}",0.0139930034982509,0.451612903225806,0.0309845077461269,1.76844896155546,28
"{sliced cheese} => {yogurt}",0.0104947526236882,0.368421052631579,0.0284857571214393,2.47386082656305,21
"{sliced cheese} => {other vegetables}",0.0119940029985007,0.421052631578947,0.0284857571214393,2.12223253347474,24
"{sliced cheese} => {whole milk}",0.0124937531234383,0.43859649122807,0.0284857571214393,1.71747862807704,25
"{onions} => {citrus fruit}",0.0079960019990005,0.271186440677966,0.0294852573713143,3.41285577230572,16
"{onions} => {bottled water}",0.00749625187406297,0.254237288135593,0.0294852573713143,2.37723744653889,15
"{onions} => {tropical fruit}",0.0079960019990005,0.271186440677966,0.0294852573713143,2.51224105461394,16
"{onions} => {root vegetables}",0.00949525237381309,0.322033898305085,0.0294852573713143,3.06852300242131,19
"{onions} => {yogurt}",0.0079960019990005,0.271186440677966,0.0294852573713143,1.82095324763963,16
"{onions} => {other vegetables}",0.0164917541229385,0.559322033898305,0.0294852573713143,2.81915211544209,33
"{onions} => {whole milk}",0.0134932533733133,0.457627118644068,0.0294852573713143,1.79199973465123,27
"{salty snack} => {soda}",0.0114942528735632,0.2875,0.0399800099950025,1.7755787037037,23
"{sugar} => {soda}",0.00949525237381309,0.267605633802817,0.0354822588705647,1.65271257172666,19
"{sugar} => {other vegetables}",0.0124937531234383,0.352112676056338,0.0354822588705647,1.77475431936708,25
"{sugar} => {whole milk}",0.0154922538730635,0.436619718309859,0.0354822588705647,1.70973787933078,31
"{dessert} => {shopping bags}",0.0104947526236882,0.287671232876712,0.0364817591204398,2.72810491462702,21
"{dessert} => {soda}",0.0114942528735632,0.315068493150685,0.0364817591204398,1.94583967529173,23
"{dessert} => {yogurt}",0.0104947526236882,0.287671232876712,0.0364817591204398,1.93164475498759,21
"{dessert} => {other vegetables}",0.0129935032483758,0.356164383561644,0.0364817591204398,1.79517614989131,26
"{dessert} => {whole milk}",0.0144927536231884,0.397260273972603,0.0364817591204398,1.5556121491569,29
"{cream cheese} => {rolls/buns}",0.0104947526236882,0.253012048192771,0.0414792603698151,1.40242966325134,21
"{cream cheese} => {other vegetables}",0.0129935032483758,0.313253012048193,0.0414792603698151,1.57888986677187,26
"{cream cheese} => {whole milk}",0.0169915042478761,0.409638554216867,0.0414792603698151,1.60408365359677,34
"{berries} => {whipped/sour cream}",0.0114942528735632,0.319444444444444,0.0359820089955023,4.73487654320988,23
"{berries} => {soda}",0.00899550224887556,0.25,0.0359820089955022,1.54398148148148,18
"{berries} => {yogurt}",0.0119940029985007,0.333333333333333,0.0359820089955023,2.23825503355705,24
"{berries} => {other vegetables}",0.0124937531234383,0.347222222222222,0.0359820089955022,1.75010495382032,25
"{berries} => {whole milk}",0.0124937531234383,0.347222222222222,0.0359820089955022,1.35967058056099,25
"{long life bakery product} => {soda}",0.0104947526236882,0.265822784810127,0.039480259870065,1.64170182841069,21
"{long life bakery product} => {yogurt}",0.0129935032483758,0.329113924050633,0.039480259870065,2.20992269136012,26
"{long life bakery product} => {other vegetables}",0.0109945027486257,0.278481012658228,0.039480259870065,1.40362847941842,22
"{long life bakery product} => {whole milk}",0.0139930034982509,0.354430379746835,0.039480259870065,1.38789665337264,28
"{hamburger meat} => {other vegetables}",0.0174912543728136,0.460526315789474,0.0379810094952524,2.321191833488,35
"{hamburger meat} => {whole milk}",0.0164917541229385,0.434210526315789,0.0379810094952524,1.70030384179627,33
"{white bread} => {soda}",0.00999500249875063,0.253164556962025,0.039480259870065,1.56352555086732,20
"{white bread} => {other vegetables}",0.0139930034982509,0.354430379746835,0.039480259870065,1.78643624653254,28
"{white bread} => {whole milk}",0.0164917541229385,0.417721518987342,0.039480259870065,1.63573534147489,33
"{coffee} => {whole milk}",0.0174912543728136,0.343137254901961,0.0509745127436282,1.3436744560838,35
"{waffles} => {soda}",0.0119940029985007,0.263736263736264,0.0454772613693153,1.62881562881563,24
"{waffles} => {other vegetables}",0.0114942528735632,0.252747252747253,0.0454772613693153,1.27392255100064,23
"{waffles} => {whole milk}",0.0134932533733133,0.296703296703297,0.0454772613693153,1.16184598180684,27
"{chicken} => {root vegetables}",0.0144927536231884,0.295918367346939,0.0489755122438781,2.81967930029155,29
"{chicken} => {rolls/buns}",0.0124937531234383,0.255102040816327,0.0489755122438781,1.41401435920629,25
"{chicken} => {other vegetables}",0.0214892553723138,0.438775510204082,0.0489755122438781,2.21156119878682,43
"{chicken} => {whole milk}",0.0194902548725637,0.397959183673469,0.0489755122438781,1.55834897559807,39
"{margarine} => {yogurt}",0.0139930034982509,0.252252252252252,0.055472263868066,1.69381461998912,28
"{margarine} => {rolls/buns}",0.0154922538730635,0.279279279279279,0.055472263868066,1.54802725162836,31
"{margarine} => {other vegetables}",0.0174912543728136,0.315315315315315,0.055472263868066,1.5892844986044,35
"{margarine} => {whole milk}",0.0199900049975013,0.36036036036036,0.055472263868066,1.41111757550114,40
"{curd} => {yogurt}",0.0169915042478761,0.317757009345794,0.0534732633683158,2.13366367684877,34
"{curd} => {whole milk}",0.0264867566216892,0.495327102803738,0.0534732633683158,1.93962726557785,53
"{frozen vegetables} => {yogurt}",0.0144927536231884,0.29,0.0499750124937531,1.94728187919463,29
"{frozen vegetables} => {other vegetables}",0.0184907546226887,0.37,0.0499750124937531,1.86491183879093,37
"{frozen vegetables} => {whole milk}",0.0184907546226887,0.37,0.0499750124937531,1.44886497064579,37
"{chocolate} => {soda}",0.015992003998001,0.262295081967213,0.0609695152423788,1.61991499696418,32
"{chocolate} => {whole milk}",0.0224887556221889,0.368852459016393,0.0609695152423788,1.44437137082545,45
"{beef} => {root vegetables}",0.0174912543728136,0.299145299145299,0.0584707646176912,2.85042735042735,35
"{beef} => {other vegetables}",0.0254872563718141,0.435897435897436,0.0584707646176912,2.19705483433443,51
"{beef} => {whole milk}",0.024487756121939,0.418803418803419,0.0584707646176912,1.63997190024587,49
"{butter} => {yogurt}",0.0154922538730635,0.287037037037037,0.0539730134932534,1.92738627889635,31
"{butter} => {other vegetables}",0.0219890054972514,0.407407407407407,0.0539730134932534,2.05345647914917,44
"{butter} => {whole milk}",0.0259870064967516,0.481481481481481,0.0539730134932534,1.88540987171124,52
"{brown bread} => {other vegetables}",0.0194902548725637,0.302325581395349,0.0644677661169415,1.52381231327983,39
"{brown bread} => {whole milk}",0.0279860069965017,0.434108527131783,0.0644677661169415,1.69990442816183,56
"{frankfurter} => {rolls/buns}",0.0179910044977511,0.288,0.0624687656171914,1.59636565096953,36
"{frankfurter} => {other vegetables}",0.0189905047476262,0.304,0.0624687656171914,1.53225188916877,38
"{frankfurter} => {whole milk}",0.0259870064967516,0.416,0.0624687656171914,1.62899412915851,52
"{pork} => {root vegetables}",0.0169915042478761,0.283333333333333,0.0599700149925037,2.6997619047619,34
"{pork} => {other vegetables}",0.0254872563718141,0.425,0.0599700149925037,2.14212846347607,51
"{pork} => {whole milk}",0.0254872563718141,0.425,0.0599700149925037,1.66423679060665,51
"{domestic eggs} => {yogurt}",0.015992003998001,0.258064516129032,0.0619690154922539,1.73284260662481,32
"{domestic eggs} => {other vegetables}",0.0239880059970015,0.387096774193548,0.0619690154922539,1.9510847485171,48
"{domestic eggs} => {whole milk}",0.0249875062468766,0.403225806451613,0.0619690154922539,1.57897228710309,50
"{newspapers} => {rolls/buns}",0.0209895052473763,0.260869565217391,0.0804597701149425,1.44598337950139,42
"{newspapers} => {other vegetables}",0.0239880059970015,0.298136645962733,0.0804597701149425,1.50269881252249,48
"{newspapers} => {whole milk}",0.0249875062468766,0.31055900621118,0.0804597701149425,1.21610287950797,50
"{napkins} => {other vegetables}",0.0209895052473763,0.328125,0.063968015992004,1.6538491813602,42
"{napkins} => {whole milk}",0.023488255872064,0.3671875,0.063968015992004,1.43785163894325,47
"{fruit/vegetable juice} => {soda}",0.0194902548725637,0.274647887323944,0.0709645177411294,1.69620500782473,39
"{fruit/vegetable juice} => {yogurt}",0.0189905047476262,0.267605633802817,0.0709645177411295,1.79690897060214,38
"{fruit/vegetable juice} => {other vegetables}",0.0204897551224388,0.288732394366197,0.0709645177411294,1.45529854188101,41
"{fruit/vegetable juice} => {whole milk}",0.0279860069965017,0.394366197183099,0.0709645177411294,1.54427937487941,56
"{whipped/sour cream} => {root vegetables}",0.0169915042478761,0.251851851851852,0.0674662668665667,2.39978835978836,34
"{whipped/sour cream} => {yogurt}",0.0219890054972514,0.325925925925926,0.0674662668665667,2.18851603281133,44
"{whipped/sour cream} => {other vegetables}",0.0299850074962519,0.444444444444444,0.0674662668665667,2.24013434089001,60
"{whipped/sour cream} => {whole milk}",0.0299850074962519,0.444444444444444,0.0674662668665667,1.74037834311807,60
"{pip fruit} => {tropical fruit}",0.0204897551224388,0.280821917808219,0.0729635182408796,2.60150304414003,41
"{pip fruit} => {rolls/buns}",0.0184907546226887,0.253424657534247,0.0729635182408796,1.40471673054301,37
"{pip fruit} => {other vegetables}",0.0314842578710645,0.431506849315068,0.0729635182408796,2.17492495082985,63
"{pip fruit} => {whole milk}",0.0269865067466267,0.36986301369863,0.0729635182408796,1.44832855266332,54
"{citrus fruit} => {yogurt}",0.0219890054972514,0.276729559748428,0.0794602698650675,1.85817399012283,44
"{citrus fruit} => {other vegetables}",0.0289855072463768,0.364779874213836,0.0794602698650675,1.83860082695689,58
"{citrus fruit} => {whole milk}",0.0309845077461269,0.389937106918239,0.0794602698650675,1.52693571613189,62
"{pastry} => {other vegetables}",0.024487756121939,0.255208333333333,0.095952023988006,1.28632714105793,49
"{pastry} => {whole milk}",0.0409795102448776,0.427083333333333,0.095952023988006,1.67239481409002,82
"{sausage} => {rolls/buns}",0.0294852573713143,0.304123711340206,0.0969515242378811,1.68573835565582,59
"{sausage} => {other vegetables}",0.0314842578710645,0.324742268041237,0.096951524237881,1.63679918979979,63
"{sausage} => {whole milk}",0.0289855072463768,0.298969072164948,0.0969515242378811,1.17071842153045,58
"{shopping bags} => {soda}",0.0274862568715642,0.260663507109005,0.105447276361819,1.60983851149728,55
"{shopping bags} => {whole milk}",0.0274862568715642,0.260663507109005,0.105447276361819,1.02071952588086,55
"{bottled water} => {whole milk}",0.0314842578710645,0.294392523364486,0.106946526736632,1.15279733708872,63
"{tropical fruit} => {yogurt}",0.031984007996002,0.296296296296296,0.107946026986507,1.98956002982849,64
"{tropical fruit} => {other vegetables}",0.039480259870065,0.365740740740741,0.107946026986507,1.84344388469074,79
"{tropical fruit} => {whole milk}",0.0409795102448776,0.37962962962963,0.107946026986507,1.48657316808002,82
"{root vegetables} => {other vegetables}",0.0449775112443778,0.428571428571429,0.104947526236882,2.16012954300108,90
"{root vegetables} => {whole milk}",0.0449775112443778,0.428571428571429,0.104947526236882,1.678221973721,90
"{yogurt} => {rolls/buns}",0.0379810094952524,0.25503355704698,0.148925537231384,1.41363475803603,76
"{yogurt} => {other vegetables}",0.0454772613693153,0.305369127516779,0.148925537231384,1.5391527056954,91
"{yogurt} => {whole milk}",0.0529735132433783,0.355704697986577,0.148925537231384,1.39288669407268,106
"{rolls/buns} => {other vegetables}",0.0464767616191904,0.257617728531856,0.180409795102449,1.29847122113915,93
"{rolls/buns} => {whole milk}",0.0529735132433783,0.293628808864266,0.180409795102449,1.14980674469158,106
"{other vegetables} => {whole milk}",0.0794602698650675,0.400503778337531,0.1984007996002,1.5683132298501,159
"{whole milk} => {other vegetables}",0.0794602698650675,0.311154598825832,0.255372313843078,1.5683132298501,159
"{grapes,other vegetables} => {whole milk}",0.00649675162418791,0.52,0.0124937531234383,2.03624266144814,13
"{grapes,whole milk} => {other vegetables}",0.00649675162418791,0.590909090909091,0.0109945027486257,2.97836043050149,13
"{oil,other vegetables} => {whole milk}",0.00649675162418791,0.464285714285714,0.0139930034982509,1.81807380486441,13
"{oil,whole milk} => {other vegetables}",0.00649675162418791,0.464285714285714,0.0139930034982509,2.34014033825117,13
"{sliced cheese,yogurt} => {whole milk}",0.00699650174912544,0.666666666666667,0.0104947526236882,2.6105675146771,14
"{sliced cheese,whole milk} => {yogurt}",0.00699650174912544,0.56,0.0124937531234383,3.76026845637584,14
"{citrus fruit,onions} => {other vegetables}",0.00649675162418791,0.8125,0.0079960019990005,4.09524559193955,13
"{onions,other vegetables} => {citrus fruit}",0.00649675162418791,0.393939393939394,0.0164917541229385,4.9576901086335,13
"{onions,tropical fruit} => {other vegetables}",0.00649675162418791,0.8125,0.0079960019990005,4.09524559193955,13
"{onions,other vegetables} => {tropical fruit}",0.00649675162418791,0.393939393939394,0.0164917541229385,3.64941077441077,13
"{onions,root vegetables} => {other vegetables}",0.00649675162418791,0.684210526315789,0.00949525237381309,3.44862786689646,13
"{onions,other vegetables} => {root vegetables}",0.00649675162418791,0.393939393939394,0.0164917541229385,3.75367965367965,13
"{onions,root vegetables} => {whole milk}",0.00649675162418791,0.684210526315789,0.00949525237381309,2.67926665980019,13
"{onions,whole milk} => {root vegetables}",0.00649675162418791,0.481481481481481,0.0134932533733133,4.58783068783069,13
"{onions,other vegetables} => {whole milk}",0.00999500249875063,0.606060606060606,0.0164917541229385,2.373243195161,20
"{onions,whole milk} => {other vegetables}",0.00999500249875063,0.740740740740741,0.0134932533733133,3.73355723481668,20
"{other vegetables,sugar} => {whole milk}",0.00749625187406297,0.6,0.0124937531234383,2.34951076320939,15
"{sugar,whole milk} => {other vegetables}",0.00749625187406297,0.483870967741935,0.0154922538730635,2.43885593564638,15
"{cream cheese,other vegetables} => {whole milk}",0.00699650174912544,0.538461538461538,0.0129935032483758,2.10853530031612,14
"{cream cheese,whole milk} => {other vegetables}",0.00699650174912544,0.411764705882353,0.0169915042478761,2.07541858053045,14
"{berries,other vegetables} => {whole milk}",0.00699650174912544,0.56,0.0124937531234383,2.19287671232877,14
"{berries,whole milk} => {other vegetables}",0.00699650174912544,0.56,0.0124937531234383,2.82256926952141,14
"{other vegetables,white bread} => {whole milk}",0.00699650174912544,0.5,0.0139930034982509,1.95792563600783,14
"{white bread,whole milk} => {other vegetables}",0.00699650174912544,0.424242424242424,0.0164917541229385,2.13831005266774,14
"{chicken,root vegetables} => {whole milk}",0.00849575212393803,0.586206896551724,0.0144927536231884,2.29549902152642,17
"{chicken,whole milk} => {root vegetables}",0.00849575212393803,0.435897435897436,0.0194902548725637,4.15347985347985,17
"{chicken,yogurt} => {other vegetables}",0.00649675162418791,0.764705882352941,0.00849575212393803,3.85434879241369,13
"{chicken,other vegetables} => {yogurt}",0.00649675162418791,0.302325581395349,0.0214892553723138,2.0300452629936,13
"{chicken,rolls/buns} => {other vegetables}",0.0079960019990005,0.64,0.0124937531234383,3.22579345088161,16
"{chicken,other vegetables} => {rolls/buns}",0.0079960019990005,0.372093023255814,0.0214892553723138,2.06248792114926,16
"{chicken,other vegetables} => {whole milk}",0.0109945027486257,0.511627906976744,0.0214892553723138,2.00345879033359,22
"{chicken,whole milk} => {other vegetables}",0.0109945027486257,0.564102564102564,0.0194902548725637,2.84324743266809,22
"{margarine,yogurt} => {whole milk}",0.00749625187406297,0.535714285714286,0.0139930034982509,2.09777746715124,15
"{margarine,whole milk} => {yogurt}",0.00749625187406297,0.375,0.0199900049975013,2.51803691275168,15
"{butter,curd} => {whole milk}",0.00699650174912544,0.875,0.0079960019990005,3.4263698630137,14
"{curd,whole milk} => {butter}",0.00699650174912544,0.264150943396226,0.0264867566216892,4.89412997903564,14
"{butter,whole milk} => {curd}",0.00699650174912544,0.269230769230769,0.0259870064967516,5.03486700215672,14
"{curd,tropical fruit} => {whole milk}",0.00749625187406297,0.625,0.0119940029985007,2.44740704500978,15
"{curd,whole milk} => {tropical fruit}",0.00749625187406297,0.283018867924528,0.0264867566216892,2.62185534591195,15
"{curd,root vegetables} => {whole milk}",0.00749625187406297,0.75,0.00999500249875063,2.93688845401174,15
"{curd,whole milk} => {root vegetables}",0.00749625187406297,0.283018867924528,0.0264867566216892,2.69676549865229,15
"{curd,yogurt} => {whole milk}",0.00899550224887556,0.529411764705882,0.0169915042478761,2.07309773224358,18
"{curd,whole milk} => {yogurt}",0.00899550224887556,0.339622641509434,0.0264867566216892,2.28048626060529,18
"{curd,rolls/buns} => {whole milk}",0.00699650174912544,0.608695652173913,0.0114942528735632,2.38356164383562,14
"{curd,whole milk} => {rolls/buns}",0.00699650174912544,0.264150943396226,0.0264867566216892,1.46417184968379,14
"{curd,other vegetables} => {whole milk}",0.00949525237381309,0.730769230769231,0.0129935032483758,2.86158362185759,19
"{curd,whole milk} => {other vegetables}",0.00949525237381309,0.358490566037736,0.0264867566216892,1.80690081269902,19
"{bottled beer,other vegetables} => {whole milk}",0.00749625187406297,0.483870967741935,0.0154922538730635,1.8947667445237,15
"{bottled beer,whole milk} => {other vegetables}",0.00749625187406297,0.428571428571429,0.0174912543728136,2.16012954300108,15
"{frozen vegetables,other vegetables} => {whole milk}",0.0104947526236882,0.567567567567568,0.0184907546226887,2.22251018141429,21
"{frozen vegetables,whole milk} => {other vegetables}",0.0104947526236882,0.567567567567568,0.0184907546226887,2.86071209748792,21
"{beef,root vegetables} => {other vegetables}",0.0104947526236882,0.6,0.0174912543728136,3.02418136020151,21
"{beef,other vegetables} => {root vegetables}",0.0104947526236882,0.411764705882353,0.0254872563718141,3.92352941176471,21
"{beef,root vegetables} => {whole milk}",0.00649675162418791,0.371428571428571,0.0174912543728136,1.45445904389153,13
"{beef,whole milk} => {root vegetables}",0.00649675162418791,0.26530612244898,0.024487756121939,2.52798833819242,13
"{beef,yogurt} => {other vegetables}",0.00649675162418791,0.448275862068966,0.0144927536231884,2.25944584382872,13
"{beef,other vegetables} => {yogurt}",0.00649675162418791,0.254901960784314,0.0254872563718141,1.71160679036715,13
"{beef,rolls/buns} => {whole milk}",0.00649675162418791,0.448275862068966,0.0144927536231884,1.75538160469667,13
"{beef,whole milk} => {rolls/buns}",0.00649675162418791,0.26530612244898,0.024487756121939,1.47057493357454,13
"{beef,other vegetables} => {whole milk}",0.0139930034982509,0.549019607843137,0.0254872563718141,2.14987912973409,28
"{beef,whole milk} => {other vegetables}",0.0139930034982509,0.571428571428571,0.024487756121939,2.88017272400144,28
"{butter,domestic eggs} => {other vegetables}",0.00649675162418791,0.541666666666667,0.0119940029985007,2.7301637279597,13
"{butter,other vegetables} => {domestic eggs}",0.00649675162418791,0.295454545454545,0.0219890054972514,4.76777859237537,13
"{domestic eggs,other vegetables} => {butter}",0.00649675162418791,0.270833333333333,0.0239880059970015,5.01793981481481,13
"{butter,sausage} => {whole milk}",0.00699650174912544,0.666666666666667,0.0104947526236882,2.6105675146771,14
"{butter,whole milk} => {sausage}",0.00699650174912544,0.269230769230769,0.0259870064967516,2.77696272799366,14
"{bottled water,butter} => {whole milk}",0.00649675162418791,0.52,0.0124937531234383,2.03624266144814,13
"{butter,whole milk} => {bottled water}",0.00649675162418791,0.25,0.0259870064967516,2.33761682242991,13
"{butter,tropical fruit} => {yogurt}",0.00649675162418791,0.65,0.00999500249875062,4.36459731543624,13
"{butter,yogurt} => {tropical fruit}",0.00649675162418791,0.419354838709677,0.0154922538730635,3.88485663082437,13
"{butter,tropical fruit} => {other vegetables}",0.00649675162418791,0.65,0.00999500249875062,3.27619647355164,13
"{butter,other vegetables} => {tropical fruit}",0.00649675162418791,0.295454545454545,0.0219890054972514,2.73705808080808,13
"{butter,root vegetables} => {other vegetables}",0.00749625187406297,0.652173913043478,0.0114942528735632,3.28715365239295,15
"{butter,other vegetables} => {root vegetables}",0.00749625187406297,0.340909090909091,0.0219890054972514,3.24837662337662,15
"{butter,root vegetables} => {whole milk}",0.00749625187406297,0.652173913043478,0.0114942528735632,2.55381604696673,15
"{butter,whole milk} => {root vegetables}",0.00749625187406297,0.288461538461538,0.0259870064967516,2.74862637362637,15
"{butter,yogurt} => {other vegetables}",0.00699650174912544,0.451612903225806,0.0154922538730635,2.27626553993662,14
"{butter,other vegetables} => {yogurt}",0.00699650174912544,0.318181818181818,0.0219890054972514,2.13651616839536,14
"{butter,yogurt} => {whole milk}",0.00749625187406297,0.483870967741935,0.0154922538730635,1.8947667445237,15
"{butter,whole milk} => {yogurt}",0.00749625187406297,0.288461538461538,0.0259870064967516,1.93695147134744,15
"{butter,other vegetables} => {whole milk}",0.0114942528735632,0.522727272727273,0.0219890054972514,2.04692225582637,23
"{butter,whole milk} => {other vegetables}",0.0114942528735632,0.442307692307692,0.0259870064967516,2.22936446425111,23
"{brown bread,tropical fruit} => {whole milk}",0.00649675162418791,0.619047619047619,0.0104947526236882,2.42409840648588,13
"{brown bread,root vegetables} => {whole milk}",0.00699650174912544,0.7,0.00999500249875063,2.74109589041096,14
"{brown bread,whole milk} => {root vegetables}",0.00699650174912544,0.25,0.0279860069965017,2.38214285714286,14
"{brown bread,yogurt} => {whole milk}",0.00699650174912544,0.482758620689655,0.0144927536231884,1.89041095890411,14
"{brown bread,whole milk} => {yogurt}",0.00699650174912544,0.25,0.0279860069965017,1.67869127516779,14
"{brown bread,other vegetables} => {whole milk}",0.0104947526236882,0.538461538461538,0.0194902548725637,2.10853530031612,21
"{brown bread,whole milk} => {other vegetables}",0.0104947526236882,0.375,0.0279860069965017,1.89011335012594,21
"{frankfurter,rolls/buns} => {other vegetables}",0.00649675162418791,0.361111111111111,0.0179910044977511,1.82010915197313,13
"{frankfurter,other vegetables} => {rolls/buns}",0.00649675162418791,0.342105263157895,0.0189905047476262,1.89626767750401,13
"{frankfurter,rolls/buns} => {whole milk}",0.00749625187406297,0.416666666666667,0.0179910044977511,1.63160469667319,15
"{frankfurter,whole milk} => {rolls/buns}",0.00749625187406297,0.288461538461538,0.0259870064967516,1.59892392925634,15
"{frankfurter,other vegetables} => {whole milk}",0.00999500249875063,0.526315789473684,0.0189905047476262,2.06097435369245,20
"{frankfurter,whole milk} => {other vegetables}",0.00999500249875063,0.384615384615385,0.0259870064967516,1.93857779500097,20
"{pork,root vegetables} => {other vegetables}",0.00749625187406297,0.441176470588235,0.0169915042478761,2.22366276485405,15
"{other vegetables,pork} => {root vegetables}",0.00749625187406297,0.294117647058824,0.0254872563718141,2.80252100840336,15
"{pork,root vegetables} => {whole milk}",0.00849575212393803,0.5,0.0169915042478761,1.95792563600783,17
"{pork,whole milk} => {root vegetables}",0.00849575212393803,0.333333333333333,0.0254872563718141,3.17619047619048,17
"{pork,rolls/buns} => {whole milk}",0.00899550224887556,0.72,0.0124937531234383,2.81941291585127,18
"{pork,whole milk} => {rolls/buns}",0.00899550224887556,0.352941176470588,0.0254872563718141,1.95633045461952,18
"{other vegetables,pork} => {whole milk}",0.0124937531234383,0.490196078431373,0.0254872563718141,1.91953493726258,25
"{pork,whole milk} => {other vegetables}",0.0124937531234383,0.490196078431373,0.0254872563718141,2.47073640539339,25
"{domestic eggs,pip fruit} => {other vegetables}",0.00749625187406297,0.652173913043478,0.0114942528735632,3.28715365239295,15
"{domestic eggs,other vegetables} => {pip fruit}",0.00749625187406297,0.3125,0.0239880059970015,4.28296232876712,15
"{domestic eggs,root vegetables} => {other vegetables}",0.00849575212393803,0.586206896551724,0.0144927536231884,2.95465994962217,17
"{domestic eggs,other vegetables} => {root vegetables}",0.00849575212393803,0.354166666666667,0.0239880059970015,3.37470238095238,17
"{domestic eggs,root vegetables} => {whole milk}",0.00749625187406297,0.517241379310345,0.0144927536231884,2.02544031311155,15
"{domestic eggs,whole milk} => {root vegetables}",0.00749625187406297,0.3,0.0249875062468766,2.85857142857143,15
"{domestic eggs,yogurt} => {other vegetables}",0.00749625187406297,0.46875,0.015992003998001,2.36264168765743,15
"{domestic eggs,other vegetables} => {yogurt}",0.00749625187406297,0.3125,0.0239880059970015,2.09836409395973,15
"{domestic eggs,yogurt} => {whole milk}",0.0079960019990005,0.5,0.015992003998001,1.95792563600783,16
"{domestic eggs,whole milk} => {yogurt}",0.0079960019990005,0.32,0.0249875062468766,2.14872483221477,16
"{domestic eggs,other vegetables} => {whole milk}",0.0104947526236882,0.4375,0.0239880059970015,1.71318493150685,21
"{domestic eggs,whole milk} => {other vegetables}",0.0104947526236882,0.42,0.0249875062468766,2.11692695214106,21
"{newspapers,root vegetables} => {other vegetables}",0.00849575212393803,0.653846153846154,0.0129935032483758,3.29558225150165,17
"{newspapers,other vegetables} => {root vegetables}",0.00849575212393803,0.354166666666667,0.0239880059970015,3.37470238095238,17
"{newspapers,yogurt} => {other vegetables}",0.00649675162418791,0.40625,0.015992003998001,2.04762279596977,13
"{newspapers,other vegetables} => {yogurt}",0.00649675162418791,0.270833333333333,0.0239880059970015,1.8185822147651,13
"{newspapers,yogurt} => {whole milk}",0.00649675162418791,0.40625,0.015992003998001,1.59081457925636,13
"{newspapers,whole milk} => {yogurt}",0.00649675162418791,0.26,0.0249875062468766,1.7458389261745,13
"{newspapers,rolls/buns} => {other vegetables}",0.00649675162418791,0.30952380952381,0.0209895052473763,1.56009355883411,13
"{newspapers,other vegetables} => {rolls/buns}",0.00649675162418791,0.270833333333333,0.0239880059970015,1.50121191135734,13
"{newspapers,rolls/buns} => {whole milk}",0.00649675162418791,0.30952380952381,0.0209895052473763,1.21204920324294,13
"{newspapers,whole milk} => {rolls/buns}",0.00649675162418791,0.26,0.0249875062468766,1.44116343490305,13
"{newspapers,other vegetables} => {whole milk}",0.00949525237381309,0.395833333333333,0.0239880059970015,1.55002446183953,19
"{newspapers,whole milk} => {other vegetables}",0.00949525237381309,0.38,0.0249875062468766,1.91531486146096,19
"{napkins,tropical fruit} => {other vegetables}",0.00749625187406297,0.576923076923077,0.0129935032483758,2.90786669250145,15
"{napkins,other vegetables} => {tropical fruit}",0.00749625187406297,0.357142857142857,0.0209895052473763,3.30853174603175,15
"{napkins,rolls/buns} => {whole milk}",0.00699650174912544,0.5,0.0139930034982509,1.95792563600783,14
"{napkins,whole milk} => {rolls/buns}",0.00699650174912544,0.297872340425532,0.023488255872064,1.65108740496257,14
"{napkins,other vegetables} => {whole milk}",0.00899550224887556,0.428571428571429,0.0209895052473763,1.678221973721,18
"{napkins,whole milk} => {other vegetables}",0.00899550224887556,0.382978723404255,0.023488255872064,1.9303285277882,18
"{bottled water,fruit/vegetable juice} => {soda}",0.00649675162418791,0.481481481481481,0.0134932533733133,2.9735939643347,13
"{fruit/vegetable juice,soda} => {bottled water}",0.00649675162418791,0.333333333333333,0.0194902548725637,3.11682242990654,13
"{fruit/vegetable juice,tropical fruit} => {whole milk}",0.00649675162418791,0.5,0.0129935032483758,1.95792563600783,13
"{fruit/vegetable juice,soda} => {whole milk}",0.00649675162418791,0.333333333333333,0.0194902548725637,1.30528375733855,13
"{fruit/vegetable juice,yogurt} => {other vegetables}",0.0079960019990005,0.421052631578947,0.0189905047476262,2.12223253347474,16
"{fruit/vegetable juice,other vegetables} => {yogurt}",0.0079960019990005,0.390243902439024,0.0204897551224388,2.62039613684727,16
"{fruit/vegetable juice,yogurt} => {whole milk}",0.0079960019990005,0.421052631578947,0.0189905047476262,1.64877948295396,16
"{fruit/vegetable juice,whole milk} => {yogurt}",0.0079960019990005,0.285714285714286,0.0279860069965017,1.91850431447747,16
"{fruit/vegetable juice,other vegetables} => {whole milk}",0.0109945027486257,0.536585365853659,0.0204897551224388,2.10118848742303,22
"{fruit/vegetable juice,whole milk} => {other vegetables}",0.0109945027486257,0.392857142857143,0.0279860069965017,1.98011874775099,22
"{citrus fruit,whipped/sour cream} => {whole milk}",0.00649675162418791,0.590909090909091,0.0109945027486257,2.31391211528198,13
"{tropical fruit,whipped/sour cream} => {other vegetables}",0.00649675162418791,0.619047619047619,0.0104947526236882,3.12018711766823,13
"{root vegetables,whipped/sour cream} => {other vegetables}",0.00699650174912544,0.411764705882353,0.0169915042478761,2.07541858053045,14
"{root vegetables,whipped/sour cream} => {whole milk}",0.00899550224887556,0.529411764705882,0.0169915042478761,2.07309773224358,18
"{whipped/sour cream,whole milk} => {root vegetables}",0.00899550224887556,0.3,0.0299850074962519,2.85857142857143,18
"{whipped/sour cream,yogurt} => {other vegetables}",0.0104947526236882,0.477272727272727,0.0219890054972514,2.4055988092512,21
"{other vegetables,whipped/sour cream} => {yogurt}",0.0104947526236882,0.35,0.0299850074962519,2.3501677852349,21
"{whipped/sour cream,yogurt} => {whole milk}",0.00949525237381309,0.431818181818182,0.0219890054972514,1.69093577655222,19
"{whipped/sour cream,whole milk} => {yogurt}",0.00949525237381309,0.316666666666667,0.0299850074962519,2.12634228187919,19
"{rolls/buns,whipped/sour cream} => {whole milk}",0.00699650174912544,0.482758620689655,0.0144927536231884,1.89041095890411,14
"{other vegetables,whipped/sour cream} => {whole milk}",0.0144927536231884,0.483333333333333,0.0299850074962519,1.8926614481409,29
"{whipped/sour cream,whole milk} => {other vegetables}",0.0144927536231884,0.483333333333333,0.0299850074962519,2.43614609571788,29
"{citrus fruit,pip fruit} => {other vegetables}",0.00749625187406297,0.5,0.0149925037481259,2.52015113350126,15
"{citrus fruit,other vegetables} => {pip fruit}",0.00749625187406297,0.258620689655172,0.0289855072463768,3.54452054794521,15
"{citrus fruit,pip fruit} => {whole milk}",0.00699650174912544,0.466666666666667,0.0149925037481259,1.82739726027397,14
"{pip fruit,whole milk} => {citrus fruit}",0.00699650174912544,0.259259259259259,0.0269865067466267,3.26275331935709,14
"{pastry,pip fruit} => {whole milk}",0.00649675162418791,0.684210526315789,0.00949525237381309,2.67926665980019,13
"{pip fruit,sausage} => {yogurt}",0.00649675162418791,0.5,0.0129935032483758,3.35738255033557,13
"{pip fruit,yogurt} => {sausage}",0.00649675162418791,0.382352941176471,0.0169915042478761,3.94375379017586,13
"{sausage,yogurt} => {pip fruit}",0.00649675162418791,0.371428571428571,0.0174912543728136,5.09060665362035,13
"{pip fruit,sausage} => {other vegetables}",0.00649675162418791,0.5,0.0129935032483758,2.52015113350126,13
"{pip fruit,sausage} => {whole milk}",0.0079960019990005,0.615384615384615,0.0129935032483758,2.40975462893271,16
"{pip fruit,whole milk} => {sausage}",0.0079960019990005,0.296296296296296,0.0269865067466267,3.05612829324169,16
"{sausage,whole milk} => {pip fruit}",0.0079960019990005,0.275862068965517,0.0289855072463768,3.78082191780822,16
"{pip fruit,tropical fruit} => {yogurt}",0.00749625187406297,0.365853658536585,0.0204897551224388,2.45662137829432,15
"{pip fruit,yogurt} => {tropical fruit}",0.00749625187406297,0.441176470588235,0.0169915042478761,4.08700980392157,15
"{pip fruit,tropical fruit} => {rolls/buns}",0.00649675162418791,0.317073170731707,0.0204897551224388,1.75751638402811,13
"{pip fruit,rolls/buns} => {tropical fruit}",0.00649675162418791,0.351351351351351,0.0184907546226887,3.25487987987988,13
"{rolls/buns,tropical fruit} => {pip fruit}",0.00649675162418791,0.25,0.0259870064967516,3.4263698630137,13
"{pip fruit,tropical fruit} => {other vegetables}",0.0104947526236882,0.51219512195122,0.0204897551224388,2.58161823431836,21
"{other vegetables,pip fruit} => {tropical fruit}",0.0104947526236882,0.333333333333333,0.0314842578710645,3.08796296296296,21
"{other vegetables,tropical fruit} => {pip fruit}",0.0104947526236882,0.265822784810127,0.039480259870065,3.64322871510317,21
"{pip fruit,tropical fruit} => {whole milk}",0.0079960019990005,0.390243902439024,0.0204897551224388,1.52813708176221,16
"{pip fruit,whole milk} => {tropical fruit}",0.0079960019990005,0.296296296296296,0.0269865067466267,2.74485596707819,16
"{pip fruit,root vegetables} => {other vegetables}",0.00949525237381309,0.612903225806452,0.0154922538730635,3.08921751848542,19
"{other vegetables,pip fruit} => {root vegetables}",0.00949525237381309,0.301587301587302,0.0314842578710645,2.87369614512472,19
"{pip fruit,root vegetables} => {whole milk}",0.00999500249875063,0.645161290322581,0.0154922538730635,2.52635565936494,20
"{pip fruit,whole milk} => {root vegetables}",0.00999500249875063,0.37037037037037,0.0269865067466267,3.52910052910053,20
"{pip fruit,yogurt} => {other vegetables}",0.00899550224887556,0.529411764705882,0.0169915042478761,2.66839531782486,18
"{other vegetables,pip fruit} => {yogurt}",0.00899550224887556,0.285714285714286,0.0314842578710645,1.91850431447747,18
"{pip fruit,yogurt} => {whole milk}",0.00849575212393803,0.5,0.0169915042478761,1.95792563600783,17
"{pip fruit,whole milk} => {yogurt}",0.00849575212393803,0.314814814814815,0.0269865067466267,2.11390753169277,17
"{pip fruit,rolls/buns} => {other vegetables}",0.00749625187406297,0.405405405405405,0.0184907546226887,2.04336578391994,15
"{pip fruit,rolls/buns} => {whole milk}",0.00699650174912544,0.378378378378378,0.0184907546226887,1.48167345427619,14
"{pip fruit,whole milk} => {rolls/buns}",0.00699650174912544,0.259259259259259,0.0269865067466267,1.43705755617113,14
"{other vegetables,pip fruit} => {whole milk}",0.0164917541229385,0.523809523809524,0.0314842578710645,2.05116019010344,33
"{pip fruit,whole milk} => {other vegetables}",0.0164917541229385,0.611111111111111,0.0269865067466267,3.08018471872376,33
"{citrus fruit,tropical fruit} => {yogurt}",0.00699650174912544,0.358974358974359,0.0194902548725637,2.41042849767682,14
"{citrus fruit,yogurt} => {tropical fruit}",0.00699650174912544,0.318181818181818,0.0219890054972514,2.94760101010101,14
"{citrus fruit,tropical fruit} => {other vegetables}",0.0114942528735632,0.58974358974359,0.0194902548725637,2.97248595233482,23
"{citrus fruit,other vegetables} => {tropical fruit}",0.0114942528735632,0.396551724137931,0.0289855072463768,3.67361111111111,23
"{other vegetables,tropical fruit} => {citrus fruit}",0.0114942528735632,0.291139240506329,0.039480259870065,3.66395987580607,23
"{citrus fruit,tropical fruit} => {whole milk}",0.0079960019990005,0.41025641025641,0.0194902548725637,1.60650308595514,16
"{citrus fruit,whole milk} => {tropical fruit}",0.0079960019990005,0.258064516129032,0.0309845077461269,2.39068100358423,16
"{citrus fruit,root vegetables} => {other vegetables}",0.00899550224887556,0.486486486486487,0.0184907546226887,2.45203894070393,18
"{citrus fruit,other vegetables} => {root vegetables}",0.00899550224887556,0.310344827586207,0.0289855072463768,2.95714285714286,18
"{citrus fruit,root vegetables} => {whole milk}",0.00899550224887556,0.486486486486487,0.0184907546226887,1.90500872692654,18
"{citrus fruit,whole milk} => {root vegetables}",0.00899550224887556,0.290322580645161,0.0309845077461269,2.76635944700461,18
"{citrus fruit,yogurt} => {other vegetables}",0.00899550224887556,0.409090909090909,0.0219890054972514,2.06194183650103,18
"{citrus fruit,other vegetables} => {yogurt}",0.00899550224887556,0.310344827586207,0.0289855072463768,2.08389261744966,18
"{citrus fruit,yogurt} => {whole milk}",0.0114942528735632,0.522727272727273,0.0219890054972514,2.04692225582637,23
"{citrus fruit,whole milk} => {yogurt}",0.0114942528735632,0.370967741935484,0.0309845077461269,2.49096124702317,23
"{citrus fruit,rolls/buns} => {whole milk}",0.00849575212393803,0.566666666666667,0.0149925037481259,2.21898238747554,17
"{citrus fruit,whole milk} => {rolls/buns}",0.00849575212393803,0.274193548387097,0.0309845077461269,1.51983736931463,17
"{citrus fruit,other vegetables} => {whole milk}",0.0119940029985007,0.413793103448276,0.0289855072463768,1.62035225048924,24
"{citrus fruit,whole milk} => {other vegetables}",0.0119940029985007,0.387096774193548,0.0309845077461269,1.9510847485171,24
"{pastry,shopping bags} => {whole milk}",0.00699650174912544,0.518518518518518,0.0134932533733133,2.03044140030441,14
"{shopping bags,whole milk} => {pastry}",0.00699650174912544,0.254545454545455,0.0274862568715642,2.65284090909091,14
"{pastry,tropical fruit} => {whole milk}",0.00749625187406297,0.555555555555556,0.0134932533733133,2.17547292889759,15
"{pastry,root vegetables} => {whole milk}",0.0079960019990005,0.8,0.00999500249875062,3.13268101761252,16
"{pastry,soda} => {other vegetables}",0.00649675162418791,0.295454545454545,0.0219890054972514,1.48918021525074,13
"{other vegetables,pastry} => {soda}",0.00649675162418791,0.26530612244898,0.024487756121939,1.63851095993953,13
"{pastry,soda} => {whole milk}",0.00849575212393803,0.386363636363636,0.0219890054972514,1.51294253691514,17
"{pastry,yogurt} => {rolls/buns}",0.00749625187406297,0.375,0.0199900049975013,2.07860110803324,15
"{pastry,rolls/buns} => {yogurt}",0.00749625187406297,0.405405405405405,0.0184907546226887,2.72220206783965,15
"{pastry,yogurt} => {other vegetables}",0.00649675162418791,0.325,0.0199900049975012,1.63809823677582,13
"{other vegetables,pastry} => {yogurt}",0.00649675162418791,0.26530612244898,0.024487756121939,1.78146829201479,13
"{pastry,yogurt} => {whole milk}",0.00999500249875063,0.5,0.0199900049975013,1.95792563600783,20
"{pastry,rolls/buns} => {whole milk}",0.00849575212393803,0.459459459459459,0.0184907546226887,1.79917490876395,17
"{other vegetables,pastry} => {whole milk}",0.0144927536231884,0.591836734693878,0.024487756121939,2.31754463037661,29
"{pastry,whole milk} => {other vegetables}",0.0144927536231884,0.353658536585366,0.0409795102448776,1.78254592369601,29
"{sausage,shopping bags} => {soda}",0.00649675162418791,0.371428571428571,0.0174912543728136,2.29391534391534,13
"{sausage,soda} => {shopping bags}",0.00649675162418791,0.270833333333333,0.0239880059970015,2.56842417061611,13
"{sausage,shopping bags} => {other vegetables}",0.00749625187406297,0.428571428571429,0.0174912543728136,2.16012954300108,15
"{other vegetables,shopping bags} => {sausage}",0.00749625187406297,0.3125,0.0239880059970015,3.22326030927835,15
"{sausage,tropical fruit} => {other vegetables}",0.00899550224887556,0.545454545454545,0.0164917541229385,2.74925578200137,18
"{other vegetables,sausage} => {tropical fruit}",0.00899550224887556,0.285714285714286,0.0314842578710645,2.6468253968254,18
"{sausage,tropical fruit} => {whole milk}",0.00649675162418791,0.393939393939394,0.0164917541229385,1.54260807685465,13
"{root vegetables,sausage} => {other vegetables}",0.00749625187406297,0.428571428571429,0.0174912543728136,2.16012954300108,15
"{root vegetables,sausage} => {whole milk}",0.00849575212393803,0.485714285714286,0.0174912543728136,1.90198490355046,17
"{sausage,whole milk} => {root vegetables}",0.00849575212393803,0.293103448275862,0.0289855072463768,2.79285714285714,17
"{sausage,soda} => {rolls/buns}",0.0079960019990005,0.333333333333333,0.0239880059970015,1.84764542936288,16
"{rolls/buns,sausage} => {soda}",0.0079960019990005,0.271186440677966,0.0294852573713143,1.67482736974262,16
"{sausage,soda} => {other vegetables}",0.00749625187406297,0.3125,0.0239880059970015,1.57509445843829,15
"{sausage,yogurt} => {other vegetables}",0.0079960019990005,0.457142857142857,0.0174912543728136,2.30413817920115,16
"{other vegetables,sausage} => {yogurt}",0.0079960019990005,0.253968253968254,0.0314842578710645,1.70533716842442,16
"{sausage,yogurt} => {whole milk}",0.00749625187406297,0.428571428571429,0.0174912543728136,1.678221973721,15
"{sausage,whole milk} => {yogurt}",0.00749625187406297,0.258620689655172,0.0289855072463768,1.73657718120805,15
"{rolls/buns,sausage} => {other vegetables}",0.0119940029985007,0.406779661016949,0.0294852573713143,2.05029244759425,24
"{other vegetables,sausage} => {rolls/buns}",0.0119940029985007,0.380952380952381,0.0314842578710645,2.11159477641472,24
"{other vegetables,rolls/buns} => {sausage}",0.0119940029985007,0.258064516129032,0.0464767616191904,2.66178915862986,24
"{other vegetables,sausage} => {whole milk}",0.0129935032483758,0.412698412698413,0.0314842578710645,1.61606560432392,26
"{sausage,whole milk} => {other vegetables}",0.0129935032483758,0.448275862068966,0.0289855072463768,2.25944584382872,26
"{shopping bags,tropical fruit} => {other vegetables}",0.00749625187406297,0.405405405405405,0.0184907546226887,2.04336578391994,15
"{other vegetables,shopping bags} => {tropical fruit}",0.00749625187406297,0.3125,0.0239880059970015,2.89496527777778,15
"{shopping bags,tropical fruit} => {whole milk}",0.00649675162418791,0.351351351351351,0.0184907546226887,1.37583963611361,13
"{shopping bags,soda} => {whole milk}",0.00699650174912544,0.254545454545455,0.0274862568715642,0.996762141967621,14
"{shopping bags,whole milk} => {soda}",0.00699650174912544,0.254545454545455,0.0274862568715642,1.57205387205387,14
"{other vegetables,shopping bags} => {whole milk}",0.00899550224887556,0.375,0.0239880059970015,1.46844422700587,18
"{shopping bags,whole milk} => {other vegetables}",0.00899550224887556,0.327272727272727,0.0274862568715642,1.64955346920082,18
"{bottled water,tropical fruit} => {yogurt}",0.00849575212393803,0.414634146341463,0.0204897551224388,2.78417089540023,17
"{bottled water,yogurt} => {tropical fruit}",0.00849575212393803,0.361702127659574,0.023488255872064,3.350768321513,17
"{tropical fruit,yogurt} => {bottled water}",0.00849575212393803,0.265625,0.031984007996002,2.48371787383178,17
"{bottled water,tropical fruit} => {rolls/buns}",0.00699650174912544,0.341463414634146,0.0204897551224388,1.89270995203027,14
"{bottled water,rolls/buns} => {tropical fruit}",0.00699650174912544,0.274509803921569,0.0254872563718141,2.54302832244009,14
"{rolls/buns,tropical fruit} => {bottled water}",0.00699650174912544,0.269230769230769,0.0259870064967516,2.51743350107836,14
"{bottled water,tropical fruit} => {other vegetables}",0.00649675162418791,0.317073170731707,0.0204897551224388,1.5981446212447,13
"{bottled water,other vegetables} => {tropical fruit}",0.00649675162418791,0.282608695652174,0.0229885057471264,2.61805555555556,13
"{bottled water,tropical fruit} => {whole milk}",0.00699650174912544,0.341463414634146,0.0204897551224388,1.33711994654193,14
"{bottled water,yogurt} => {soda}",0.00649675162418791,0.276595744680851,0.023488255872064,1.70823483057526,13
"{soda,yogurt} => {bottled water}",0.00649675162418791,0.254901960784314,0.0254872563718141,2.38345244639912,13
"{bottled water,yogurt} => {rolls/buns}",0.00899550224887556,0.382978723404255,0.023488255872064,2.12282666352331,18
"{bottled water,rolls/buns} => {yogurt}",0.00899550224887556,0.352941176470588,0.0254872563718141,2.36991709435452,18
"{bottled water,yogurt} => {other vegetables}",0.0079960019990005,0.340425531914894,0.023488255872064,1.71584758025618,16
"{bottled water,other vegetables} => {yogurt}",0.0079960019990005,0.347826086956522,0.0229885057471264,2.33557046979866,16
"{bottled water,yogurt} => {whole milk}",0.00899550224887556,0.382978723404255,0.023488255872064,1.49968772119749,18
"{bottled water,whole milk} => {yogurt}",0.00899550224887556,0.285714285714286,0.0314842578710645,1.91850431447747,18
"{bottled water,rolls/buns} => {other vegetables}",0.00899550224887556,0.352941176470588,0.0254872563718141,1.77893021188324,18
"{bottled water,other vegetables} => {rolls/buns}",0.00899550224887556,0.391304347826087,0.0229885057471264,2.16897506925208,18
"{bottled water,rolls/buns} => {whole milk}",0.00949525237381309,0.372549019607843,0.0254872563718141,1.45884655231956,19
"{bottled water,whole milk} => {rolls/buns}",0.00949525237381309,0.301587301587302,0.0314842578710645,1.67167919799499,19
"{bottled water,other vegetables} => {whole milk}",0.0114942528735632,0.5,0.0229885057471264,1.95792563600783,23
"{bottled water,whole milk} => {other vegetables}",0.0114942528735632,0.365079365079365,0.0314842578710645,1.84011035144536,23
"{root vegetables,tropical fruit} => {other vegetables}",0.00949525237381309,0.59375,0.015992003998001,2.99267947103275,19
"{root vegetables,tropical fruit} => {whole milk}",0.00849575212393803,0.53125,0.015992003998001,2.08029598825832,17
"{soda,tropical fruit} => {other vegetables}",0.00899550224887556,0.418604651162791,0.0214892553723138,2.10989397223361,18
"{other vegetables,soda} => {tropical fruit}",0.00899550224887556,0.285714285714286,0.0314842578710645,2.6468253968254,18
"{tropical fruit,yogurt} => {rolls/buns}",0.00949525237381309,0.296875,0.031984007996002,1.64555921052632,19
"{rolls/buns,tropical fruit} => {yogurt}",0.00949525237381309,0.365384615384615,0.0259870064967516,2.45347186370676,19
"{rolls/buns,yogurt} => {tropical fruit}",0.00949525237381309,0.25,0.0379810094952524,2.31597222222222,19
"{tropical fruit,yogurt} => {other vegetables}",0.0129935032483758,0.40625,0.031984007996002,2.04762279596977,26
"{other vegetables,tropical fruit} => {yogurt}",0.0129935032483758,0.329113924050633,0.039480259870065,2.20992269136012,26
"{other vegetables,yogurt} => {tropical fruit}",0.0129935032483758,0.285714285714286,0.0454772613693153,2.6468253968254,26
"{tropical fruit,yogurt} => {whole milk}",0.0139930034982509,0.4375,0.031984007996002,1.71318493150685,28
"{tropical fruit,whole milk} => {yogurt}",0.0139930034982509,0.341463414634146,0.0409795102448776,2.29284661974137,28
"{whole milk,yogurt} => {tropical fruit}",0.0139930034982509,0.264150943396226,0.0529735132433783,2.44706498951782,28
"{rolls/buns,tropical fruit} => {other vegetables}",0.00699650174912544,0.269230769230769,0.0259870064967516,1.35700445650068,14
"{rolls/buns,tropical fruit} => {whole milk}",0.0109945027486257,0.423076923076923,0.0259870064967516,1.65670630739124,22
"{tropical fruit,whole milk} => {rolls/buns}",0.0109945027486257,0.268292682926829,0.0409795102448776,1.48712924802378,22
"{other vegetables,tropical fruit} => {whole milk}",0.0179910044977511,0.455696202531646,0.039480259870065,1.78443855433625,36
"{tropical fruit,whole milk} => {other vegetables}",0.0179910044977511,0.439024390243902,0.0409795102448776,2.21281562941574,36
"{root vegetables,soda} => {other vegetables}",0.00699650174912544,0.378378378378378,0.0184907546226887,1.90714139832528,14
"{root vegetables,soda} => {whole milk}",0.00749625187406297,0.405405405405405,0.0184907546226887,1.58750727243878,15
"{root vegetables,yogurt} => {rolls/buns}",0.00699650174912544,0.311111111111111,0.0224887556221889,1.72446906740536,14
"{rolls/buns,root vegetables} => {yogurt}",0.00699650174912544,0.291666666666667,0.0239880059970015,1.95847315436242,14
"{root vegetables,yogurt} => {other vegetables}",0.0109945027486257,0.488888888888889,0.0224887556221889,2.46414777497901,22
"{root vegetables,yogurt} => {whole milk}",0.00999500249875063,0.444444444444444,0.0224887556221889,1.74037834311807,20
"{rolls/buns,root vegetables} => {other vegetables}",0.0139930034982509,0.583333333333333,0.0239880059970015,2.94017632241814,28
"{other vegetables,root vegetables} => {rolls/buns}",0.0139930034982509,0.311111111111111,0.0449775112443778,1.72446906740536,28
"{other vegetables,rolls/buns} => {root vegetables}",0.0139930034982509,0.301075268817204,0.0464767616191904,2.86881720430108,28
"{rolls/buns,root vegetables} => {whole milk}",0.0114942528735632,0.479166666666667,0.0239880059970015,1.87634540117417,23
"{root vegetables,whole milk} => {rolls/buns}",0.0114942528735632,0.255555555555556,0.0449775112443778,1.41652816251154,23
"{other vegetables,root vegetables} => {whole milk}",0.0209895052473763,0.466666666666667,0.0449775112443778,1.82739726027397,42
"{root vegetables,whole milk} => {other vegetables}",0.0209895052473763,0.466666666666667,0.0449775112443778,2.35214105793451,42
"{other vegetables,whole milk} => {root vegetables}",0.0209895052473763,0.264150943396226,0.0794602698650675,2.51698113207547,42
"{soda,yogurt} => {rolls/buns}",0.00749625187406297,0.294117647058824,0.0254872563718141,1.6302753788496,15
"{soda,yogurt} => {other vegetables}",0.0079960019990005,0.313725490196078,0.0254872563718141,1.58127129945177,16
"{other vegetables,soda} => {yogurt}",0.0079960019990005,0.253968253968254,0.0314842578710645,1.70533716842442,16
"{soda,yogurt} => {whole milk}",0.00849575212393803,0.333333333333333,0.0254872563718141,1.30528375733855,17
"{other vegetables,soda} => {rolls/buns}",0.0079960019990005,0.253968253968254,0.0314842578710645,1.40772985094315,16
"{other vegetables,soda} => {whole milk}",0.0124937531234383,0.396825396825397,0.0314842578710645,1.55390923492685,25
"{soda,whole milk} => {other vegetables}",0.0124937531234383,0.36231884057971,0.0344827586206897,1.82619647355164,25
"{rolls/buns,yogurt} => {other vegetables}",0.0134932533733133,0.355263157894737,0.0379810094952524,1.79063370011932,27
"{other vegetables,yogurt} => {rolls/buns}",0.0134932533733133,0.296703296703297,0.0454772613693153,1.64460747009223,27
"{other vegetables,rolls/buns} => {yogurt}",0.0134932533733133,0.290322580645161,0.0464767616191904,1.94944793245291,27
"{rolls/buns,yogurt} => {whole milk}",0.0144927536231884,0.381578947368421,0.0379810094952524,1.49420640642703,29
"{whole milk,yogurt} => {rolls/buns}",0.0144927536231884,0.273584905660377,0.0529735132433783,1.51646370145821,29
"{rolls/buns,whole milk} => {yogurt}",0.0144927536231884,0.273584905660377,0.0529735132433783,1.83705837659871,29
"{other vegetables,yogurt} => {whole milk}",0.0214892553723138,0.472527472527473,0.0454772613693153,1.85034730435905,43
"{whole milk,yogurt} => {other vegetables}",0.0214892553723138,0.405660377358491,0.0529735132433783,2.0446509196331,43
"{other vegetables,whole milk} => {yogurt}",0.0214892553723138,0.270440251572327,0.0794602698650675,1.81594276307459,43
"{other vegetables,rolls/buns} => {whole milk}",0.0169915042478761,0.365591397849462,0.0464767616191904,1.4316015403068,34
"{rolls/buns,whole milk} => {other vegetables}",0.0169915042478761,0.320754716981132,0.0529735132433783,1.61670072715175,34
"{other vegetables,pip fruit,root vegetables} => {whole milk}",0.00649675162418791,0.684210526315789,0.00949525237381309,2.67926665980019,13
"{pip fruit,root vegetables,whole milk} => {other vegetables}",0.00649675162418791,0.65,0.00999500249875062,3.27619647355164,13
"{other vegetables,pip fruit,whole milk} => {root vegetables}",0.00649675162418791,0.393939393939394,0.0164917541229385,3.75367965367965,13
"{other vegetables,root vegetables,whole milk} => {pip fruit}",0.00649675162418791,0.30952380952381,0.0209895052473763,4.24217221135029,13
"{other vegetables,tropical fruit,yogurt} => {whole milk}",0.00649675162418791,0.5,0.0129935032483758,1.95792563600783,13
"{tropical fruit,whole milk,yogurt} => {other vegetables}",0.00649675162418791,0.464285714285714,0.0139930034982509,2.34014033825117,13
"{other vegetables,tropical fruit,whole milk} => {yogurt}",0.00649675162418791,0.361111111111111,0.0179910044977511,2.42477628635347,13
"{other vegetables,whole milk,yogurt} => {tropical fruit}",0.00649675162418791,0.302325581395349,0.0214892553723138,2.80071059431525,13
"{other vegetables,rolls/buns,root vegetables} => {whole milk}",0.00649675162418791,0.464285714285714,0.0139930034982509,1.81807380486441,13
"{rolls/buns,root vegetables,whole milk} => {other vegetables}",0.00649675162418791,0.565217391304348,0.0114942528735632,2.84886649874055,13
"{other vegetables,root vegetables,whole milk} => {rolls/buns}",0.00649675162418791,0.30952380952381,0.0209895052473763,1.71567075583696,13
"{other vegetables,rolls/buns,whole milk} => {root vegetables}",0.00649675162418791,0.382352941176471,0.0169915042478761,3.64327731092437,13
